{
  "color": {
    "coeffs": [
      0.16303236782550812,
      -0.5276249647140503,
      -0.00033705742680467665,
      0.00022920925403013825,
      0.46576806902885437
    ],
    "fx": 903.8433837890625,
    "fy": 903.6298828125,
    "height": 720,
    "ppx": 644.6453857421875,
    "ppy": 376.9868469238281,
    "width": 1280
  },
  "depth": {
    "coeffs": [
      0.0,
      0.0,
      0.0,
      0.0,
      0.0
    ],
    "fx": 734.53125,
    "fy": 736.7890625,
    "height": 768,
    "ppx": 549.1171875,
    "ppy": 394.3828125,
    "width": 1024
  },
  "depth_scale": 0.0002500000118743628
}